[
    {
        "mesa": "9",
        "cliente": "beatriz",
        "itens": [
            {
                "item": "Coxinhas de Frango",
                "qtd": 1,
                "preco": 18.99,
                "total_item": 18.99
            },
            {
                "item": "Coxinhas de Frango",
                "qtd": 1,
                "preco": 18.99,
                "total_item": 18.99
            },
            {
                "item": "Coxinhas de Frango",
                "qtd": 1,
                "preco": 18.99,
                "total_item": 18.99
            },
            {
                "item": "Coxinhas de Frango",
                "qtd": 1,
                "preco": 18.99,
                "total_item": 18.99
            },
            {
                "item": "Coxinhas de Frango",
                "qtd": 1,
                "preco": 18.99,
                "total_item": 18.99
            },
            {
                "item": "Coxinhas de Frango",
                "qtd": 1,
                "preco": 18.99,
                "total_item": 18.99
            },
            {
                "item": "Coxinhas de Frango",
                "qtd": 1,
                "preco": 18.99,
                "total_item": 18.99
            },
            {
                "item": "Coxinhas de Frango",
                "qtd": 1,
                "preco": 18.99,
                "total_item": 18.99
            }
        ],
        "total": 151.92,
        "data": "02\/12\/2025 20:57:52"
    }
]