[
    {
        "mesa": "9",
        "cliente": "leo",
        "itens": [
            {
                "item": "Smash Bacon",
                "qtd": 3,
                "preco": 21.99,
                "total_item": 65.97
            },
            {
                "item": "Limonada Su\u00ed\u00e7a",
                "qtd": 1,
                "preco": 12.99,
                "total_item": 12.99
            }
        ],
        "total": 78.96,
        "data": "02\/12\/2025 02:17:11"
    },
    {
        "mesa": "45",
        "cliente": "beatriz",
        "itens": [
            {
                "item": "Bolinho de Bacalhau",
                "qtd": 1,
                "preco": 19.99,
                "total_item": 19.99
            }
        ],
        "total": 19.99,
        "data": "02\/12\/2025 02:17:33"
    }
]